entry_id,timestamp,utility_id,utility_name,version,change_type,change_summary,details,author
"LOG-0001","2026-08-24T14:00:00Z","random-number-generator","Random Number Generator","1.0.0","INITIAL_CREATION","Initial launch of Random Number Generator in fun category","Created client-side interactive component, UI controls, copy/download buttons, SEO metadata, and category registration.","Antigravity Engine"
"LOG-0002","2026-08-25T02:00:00Z","random-number-generator","Random Number Generator","1.1.0","VALUE_AND_SEARCH_INTENT_EXPANSION","Expanded search intent coverage, result interpretation, guidance, and transparency for Random Number Generator","Enriched registry schema with userProblem, searchIntent, resultInterpretation, practicalGuidance, limitations, formulas, trustNotes, and updated SoftwareApplication + FAQPage JSON-LD schema.","Antigravity Engine"
"LOG-0003","2026-08-24T14:00:00Z","spin-wheel","Spin the Wheel","1.0.0","INITIAL_CREATION","Initial launch of Spin the Wheel in fun category","Created client-side interactive component, UI controls, copy/download buttons, SEO metadata, and category registration.","Antigravity Engine"
"LOG-0004","2026-08-25T02:00:00Z","spin-wheel","Spin the Wheel","1.1.0","VALUE_AND_SEARCH_INTENT_EXPANSION","Expanded search intent coverage, result interpretation, guidance, and transparency for Spin the Wheel","Enriched registry schema with userProblem, searchIntent, resultInterpretation, practicalGuidance, limitations, formulas, trustNotes, and updated SoftwareApplication + FAQPage JSON-LD schema.","Antigravity Engine"
"LOG-0005","2026-08-24T14:00:00Z","coin-flip","Coin Flip Simulator","1.0.0","INITIAL_CREATION","Initial launch of Coin Flip Simulator in fun category","Created client-side interactive component, UI controls, copy/download buttons, SEO metadata, and category registration.","Antigravity Engine"
"LOG-0006","2026-08-25T02:00:00Z","coin-flip","Coin Flip Simulator","1.1.0","VALUE_AND_SEARCH_INTENT_EXPANSION","Expanded search intent coverage, result interpretation, guidance, and transparency for Coin Flip Simulator","Enriched registry schema with userProblem, searchIntent, resultInterpretation, practicalGuidance, limitations, formulas, trustNotes, and updated SoftwareApplication + FAQPage JSON-LD schema.","Antigravity Engine"
"LOG-0007","2026-08-24T14:00:00Z","dice-roller","Dice Roller (D&D / RPG)","1.0.0","INITIAL_CREATION","Initial launch of Dice Roller (D&D / RPG) in fun category","Created client-side interactive component, UI controls, copy/download buttons, SEO metadata, and category registration.","Antigravity Engine"
"LOG-0008","2026-08-25T02:00:00Z","dice-roller","Dice Roller (D&D / RPG)","1.1.0","VALUE_AND_SEARCH_INTENT_EXPANSION","Expanded search intent coverage, result interpretation, guidance, and transparency for Dice Roller (D&D / RPG)","Enriched registry schema with userProblem, searchIntent, resultInterpretation, practicalGuidance, limitations, formulas, trustNotes, and updated SoftwareApplication + FAQPage JSON-LD schema.","Antigravity Engine"
"LOG-0009","2026-08-24T14:00:00Z","random-picker","Random Name / Item Picker","1.0.0","INITIAL_CREATION","Initial launch of Random Name / Item Picker in fun category","Created client-side interactive component, UI controls, copy/download buttons, SEO metadata, and category registration.","Antigravity Engine"
"LOG-0010","2026-08-25T02:00:00Z","random-picker","Random Name / Item Picker","1.1.0","VALUE_AND_SEARCH_INTENT_EXPANSION","Expanded search intent coverage, result interpretation, guidance, and transparency for Random Name / Item Picker","Enriched registry schema with userProblem, searchIntent, resultInterpretation, practicalGuidance, limitations, formulas, trustNotes, and updated SoftwareApplication + FAQPage JSON-LD schema.","Antigravity Engine"
"LOG-0011","2026-08-24T14:00:00Z","password-generator","Strong Password Generator","1.0.0","INITIAL_CREATION","Initial launch of Strong Password Generator in fun category","Created client-side interactive component, UI controls, copy/download buttons, SEO metadata, and category registration.","Antigravity Engine"
"LOG-0012","2026-08-25T02:00:00Z","password-generator","Strong Password Generator","1.1.0","VALUE_AND_SEARCH_INTENT_EXPANSION","Expanded search intent coverage, result interpretation, guidance, and transparency for Strong Password Generator","Enriched registry schema with userProblem, searchIntent, resultInterpretation, practicalGuidance, limitations, formulas, trustNotes, and updated SoftwareApplication + FAQPage JSON-LD schema.","Antigravity Engine"
"LOG-0013","2026-08-24T14:00:00Z","username-generator","Username Generator","1.0.0","INITIAL_CREATION","Initial launch of Username Generator in fun category","Created client-side interactive component, UI controls, copy/download buttons, SEO metadata, and category registration.","Antigravity Engine"
"LOG-0014","2026-08-25T02:00:00Z","username-generator","Username Generator","1.1.0","VALUE_AND_SEARCH_INTENT_EXPANSION","Expanded search intent coverage, result interpretation, guidance, and transparency for Username Generator","Enriched registry schema with userProblem, searchIntent, resultInterpretation, practicalGuidance, limitations, formulas, trustNotes, and updated SoftwareApplication + FAQPage JSON-LD schema.","Antigravity Engine"
"LOG-0015","2026-08-24T14:00:00Z","my-ip","What is My IP Address?","1.0.0","INITIAL_CREATION","Initial launch of What is My IP Address? in network category","Created client-side interactive component, UI controls, copy/download buttons, SEO metadata, and category registration.","Antigravity Engine"
"LOG-0016","2026-08-25T02:00:00Z","my-ip","What is My IP Address?","1.1.0","VALUE_AND_SEARCH_INTENT_EXPANSION","Expanded search intent coverage, result interpretation, guidance, and transparency for What is My IP Address?","Enriched registry schema with userProblem, searchIntent, resultInterpretation, practicalGuidance, limitations, formulas, trustNotes, and updated SoftwareApplication + FAQPage JSON-LD schema.","Antigravity Engine"
"LOG-0017","2026-08-24T14:00:00Z","browser-info","Browser & System Info","1.0.0","INITIAL_CREATION","Initial launch of Browser & System Info in network category","Created client-side interactive component, UI controls, copy/download buttons, SEO metadata, and category registration.","Antigravity Engine"
"LOG-0018","2026-08-25T02:00:00Z","browser-info","Browser & System Info","1.1.0","VALUE_AND_SEARCH_INTENT_EXPANSION","Expanded search intent coverage, result interpretation, guidance, and transparency for Browser & System Info","Enriched registry schema with userProblem, searchIntent, resultInterpretation, practicalGuidance, limitations, formulas, trustNotes, and updated SoftwareApplication + FAQPage JSON-LD schema.","Antigravity Engine"
"LOG-0019","2026-08-24T14:00:00Z","screen-resolution","Screen Resolution & Viewport Checker","1.0.0","INITIAL_CREATION","Initial launch of Screen Resolution & Viewport Checker in network category","Created client-side interactive component, UI controls, copy/download buttons, SEO metadata, and category registration.","Antigravity Engine"
"LOG-0020","2026-08-25T02:00:00Z","screen-resolution","Screen Resolution & Viewport Checker","1.1.0","VALUE_AND_SEARCH_INTENT_EXPANSION","Expanded search intent coverage, result interpretation, guidance, and transparency for Screen Resolution & Viewport Checker","Enriched registry schema with userProblem, searchIntent, resultInterpretation, practicalGuidance, limitations, formulas, trustNotes, and updated SoftwareApplication + FAQPage JSON-LD schema.","Antigravity Engine"
"LOG-0021","2026-08-24T14:00:00Z","ping-test","Ping & Latency Test","1.0.0","INITIAL_CREATION","Initial launch of Ping & Latency Test in network category","Created client-side interactive component, UI controls, copy/download buttons, SEO metadata, and category registration.","Antigravity Engine"
"LOG-0022","2026-08-25T02:00:00Z","ping-test","Ping & Latency Test","1.1.0","VALUE_AND_SEARCH_INTENT_EXPANSION","Expanded search intent coverage, result interpretation, guidance, and transparency for Ping & Latency Test","Enriched registry schema with userProblem, searchIntent, resultInterpretation, practicalGuidance, limitations, formulas, trustNotes, and updated SoftwareApplication + FAQPage JSON-LD schema.","Antigravity Engine"
"LOG-0023","2026-08-24T14:00:00Z","dns-lookup","DNS Records Lookup","1.0.0","INITIAL_CREATION","Initial launch of DNS Records Lookup in network category","Created client-side interactive component, UI controls, copy/download buttons, SEO metadata, and category registration.","Antigravity Engine"
"LOG-0024","2026-08-25T02:00:00Z","dns-lookup","DNS Records Lookup","1.1.0","VALUE_AND_SEARCH_INTENT_EXPANSION","Expanded search intent coverage, result interpretation, guidance, and transparency for DNS Records Lookup","Enriched registry schema with userProblem, searchIntent, resultInterpretation, practicalGuidance, limitations, formulas, trustNotes, and updated SoftwareApplication + FAQPage JSON-LD schema.","Antigravity Engine"
"LOG-0025","2026-08-24T14:00:00Z","user-agent-checker","User Agent Parser & Checker","1.0.0","INITIAL_CREATION","Initial launch of User Agent Parser & Checker in network category","Created client-side interactive component, UI controls, copy/download buttons, SEO metadata, and category registration.","Antigravity Engine"
"LOG-0026","2026-08-25T02:00:00Z","user-agent-checker","User Agent Parser & Checker","1.1.0","VALUE_AND_SEARCH_INTENT_EXPANSION","Expanded search intent coverage, result interpretation, guidance, and transparency for User Agent Parser & Checker","Enriched registry schema with userProblem, searchIntent, resultInterpretation, practicalGuidance, limitations, formulas, trustNotes, and updated SoftwareApplication + FAQPage JSON-LD schema.","Antigravity Engine"
"LOG-0027","2026-08-24T14:00:00Z","json-formatter","JSON Formatter & Beautifier","1.0.0","INITIAL_CREATION","Initial launch of JSON Formatter & Beautifier in developer category","Created client-side interactive component, UI controls, copy/download buttons, SEO metadata, and category registration.","Antigravity Engine"
"LOG-0028","2026-08-25T02:00:00Z","json-formatter","JSON Formatter & Beautifier","1.1.0","VALUE_AND_SEARCH_INTENT_EXPANSION","Expanded search intent coverage, result interpretation, guidance, and transparency for JSON Formatter & Beautifier","Enriched registry schema with userProblem, searchIntent, resultInterpretation, practicalGuidance, limitations, formulas, trustNotes, and updated SoftwareApplication + FAQPage JSON-LD schema.","Antigravity Engine"
"LOG-0029","2026-08-24T14:00:00Z","json-validator","JSON Validator & Linter","1.0.0","INITIAL_CREATION","Initial launch of JSON Validator & Linter in developer category","Created client-side interactive component, UI controls, copy/download buttons, SEO metadata, and category registration.","Antigravity Engine"
"LOG-0030","2026-08-25T02:00:00Z","json-validator","JSON Validator & Linter","1.1.0","VALUE_AND_SEARCH_INTENT_EXPANSION","Expanded search intent coverage, result interpretation, guidance, and transparency for JSON Validator & Linter","Enriched registry schema with userProblem, searchIntent, resultInterpretation, practicalGuidance, limitations, formulas, trustNotes, and updated SoftwareApplication + FAQPage JSON-LD schema.","Antigravity Engine"
"LOG-0031","2026-08-24T14:00:00Z","base64-encoder","Base64 Encoder (Text & Files)","1.0.0","INITIAL_CREATION","Initial launch of Base64 Encoder (Text & Files) in developer category","Created client-side interactive component, UI controls, copy/download buttons, SEO metadata, and category registration.","Antigravity Engine"
"LOG-0032","2026-08-25T02:00:00Z","base64-encoder","Base64 Encoder (Text & Files)","1.1.0","VALUE_AND_SEARCH_INTENT_EXPANSION","Expanded search intent coverage, result interpretation, guidance, and transparency for Base64 Encoder (Text & Files)","Enriched registry schema with userProblem, searchIntent, resultInterpretation, practicalGuidance, limitations, formulas, trustNotes, and updated SoftwareApplication + FAQPage JSON-LD schema.","Antigravity Engine"
"LOG-0033","2026-08-24T14:00:00Z","base64-decoder","Base64 Decoder (Text & Files)","1.0.0","INITIAL_CREATION","Initial launch of Base64 Decoder (Text & Files) in developer category","Created client-side interactive component, UI controls, copy/download buttons, SEO metadata, and category registration.","Antigravity Engine"
"LOG-0034","2026-08-25T02:00:00Z","base64-decoder","Base64 Decoder (Text & Files)","1.1.0","VALUE_AND_SEARCH_INTENT_EXPANSION","Expanded search intent coverage, result interpretation, guidance, and transparency for Base64 Decoder (Text & Files)","Enriched registry schema with userProblem, searchIntent, resultInterpretation, practicalGuidance, limitations, formulas, trustNotes, and updated SoftwareApplication + FAQPage JSON-LD schema.","Antigravity Engine"
"LOG-0035","2026-08-24T14:00:00Z","uuid-generator","UUID / GUID Generator","1.0.0","INITIAL_CREATION","Initial launch of UUID / GUID Generator in developer category","Created client-side interactive component, UI controls, copy/download buttons, SEO metadata, and category registration.","Antigravity Engine"
"LOG-0036","2026-08-25T02:00:00Z","uuid-generator","UUID / GUID Generator","1.1.0","VALUE_AND_SEARCH_INTENT_EXPANSION","Expanded search intent coverage, result interpretation, guidance, and transparency for UUID / GUID Generator","Enriched registry schema with userProblem, searchIntent, resultInterpretation, practicalGuidance, limitations, formulas, trustNotes, and updated SoftwareApplication + FAQPage JSON-LD schema.","Antigravity Engine"
"LOG-0037","2026-08-24T14:00:00Z","timestamp-converter","Unix Timestamp Converter","1.0.0","INITIAL_CREATION","Initial launch of Unix Timestamp Converter in developer category","Created client-side interactive component, UI controls, copy/download buttons, SEO metadata, and category registration.","Antigravity Engine"
"LOG-0038","2026-08-25T02:00:00Z","timestamp-converter","Unix Timestamp Converter","1.1.0","VALUE_AND_SEARCH_INTENT_EXPANSION","Expanded search intent coverage, result interpretation, guidance, and transparency for Unix Timestamp Converter","Enriched registry schema with userProblem, searchIntent, resultInterpretation, practicalGuidance, limitations, formulas, trustNotes, and updated SoftwareApplication + FAQPage JSON-LD schema.","Antigravity Engine"
"LOG-0039","2026-08-24T14:00:00Z","url-encoder","URL / URI Encoder","1.0.0","INITIAL_CREATION","Initial launch of URL / URI Encoder in developer category","Created client-side interactive component, UI controls, copy/download buttons, SEO metadata, and category registration.","Antigravity Engine"
"LOG-0040","2026-08-25T02:00:00Z","url-encoder","URL / URI Encoder","1.1.0","VALUE_AND_SEARCH_INTENT_EXPANSION","Expanded search intent coverage, result interpretation, guidance, and transparency for URL / URI Encoder","Enriched registry schema with userProblem, searchIntent, resultInterpretation, practicalGuidance, limitations, formulas, trustNotes, and updated SoftwareApplication + FAQPage JSON-LD schema.","Antigravity Engine"
"LOG-0041","2026-08-24T14:00:00Z","url-decoder","URL / URI Decoder & Query Parser","1.0.0","INITIAL_CREATION","Initial launch of URL / URI Decoder & Query Parser in developer category","Created client-side interactive component, UI controls, copy/download buttons, SEO metadata, and category registration.","Antigravity Engine"
"LOG-0042","2026-08-25T02:00:00Z","url-decoder","URL / URI Decoder & Query Parser","1.1.0","VALUE_AND_SEARCH_INTENT_EXPANSION","Expanded search intent coverage, result interpretation, guidance, and transparency for URL / URI Decoder & Query Parser","Enriched registry schema with userProblem, searchIntent, resultInterpretation, practicalGuidance, limitations, formulas, trustNotes, and updated SoftwareApplication + FAQPage JSON-LD schema.","Antigravity Engine"
"LOG-0043","2026-08-24T14:00:00Z","qr-code-generator","QR Code Generator","1.0.0","INITIAL_CREATION","Initial launch of QR Code Generator in business category","Created client-side interactive component, UI controls, copy/download buttons, SEO metadata, and category registration.","Antigravity Engine"
"LOG-0044","2026-08-25T02:00:00Z","qr-code-generator","QR Code Generator","1.1.0","VALUE_AND_SEARCH_INTENT_EXPANSION","Expanded search intent coverage, result interpretation, guidance, and transparency for QR Code Generator","Enriched registry schema with userProblem, searchIntent, resultInterpretation, practicalGuidance, limitations, formulas, trustNotes, and updated SoftwareApplication + FAQPage JSON-LD schema.","Antigravity Engine"
"LOG-0045","2026-08-24T14:00:00Z","email-signature-generator","Email Signature Generator","1.0.0","INITIAL_CREATION","Initial launch of Email Signature Generator in business category","Created client-side interactive component, UI controls, copy/download buttons, SEO metadata, and category registration.","Antigravity Engine"
"LOG-0046","2026-08-25T02:00:00Z","email-signature-generator","Email Signature Generator","1.1.0","VALUE_AND_SEARCH_INTENT_EXPANSION","Expanded search intent coverage, result interpretation, guidance, and transparency for Email Signature Generator","Enriched registry schema with userProblem, searchIntent, resultInterpretation, practicalGuidance, limitations, formulas, trustNotes, and updated SoftwareApplication + FAQPage JSON-LD schema.","Antigravity Engine"
"LOG-0047","2026-08-24T14:00:00Z","business-name-generator","Business & Startup Name Generator","1.0.0","INITIAL_CREATION","Initial launch of Business & Startup Name Generator in business category","Created client-side interactive component, UI controls, copy/download buttons, SEO metadata, and category registration.","Antigravity Engine"
"LOG-0048","2026-08-25T02:00:00Z","business-name-generator","Business & Startup Name Generator","1.1.0","VALUE_AND_SEARCH_INTENT_EXPANSION","Expanded search intent coverage, result interpretation, guidance, and transparency for Business & Startup Name Generator","Enriched registry schema with userProblem, searchIntent, resultInterpretation, practicalGuidance, limitations, formulas, trustNotes, and updated SoftwareApplication + FAQPage JSON-LD schema.","Antigravity Engine"
"LOG-0049","2026-08-24T14:00:00Z","invoice-generator","Free Online Invoice Generator","1.0.0","INITIAL_CREATION","Initial launch of Free Online Invoice Generator in business category","Created client-side interactive component, UI controls, copy/download buttons, SEO metadata, and category registration.","Antigravity Engine"
"LOG-0050","2026-08-25T02:00:00Z","invoice-generator","Free Online Invoice Generator","1.1.0","VALUE_AND_SEARCH_INTENT_EXPANSION","Expanded search intent coverage, result interpretation, guidance, and transparency for Free Online Invoice Generator","Enriched registry schema with userProblem, searchIntent, resultInterpretation, practicalGuidance, limitations, formulas, trustNotes, and updated SoftwareApplication + FAQPage JSON-LD schema.","Antigravity Engine"
"LOG-0051","2026-08-24T14:00:00Z","percentage-calculator","Percentage Calculator","1.0.0","INITIAL_CREATION","Initial launch of Percentage Calculator in finance category","Created client-side interactive component, UI controls, copy/download buttons, SEO metadata, and category registration.","Antigravity Engine"
"LOG-0052","2026-08-25T02:00:00Z","percentage-calculator","Percentage Calculator","1.1.0","VALUE_AND_SEARCH_INTENT_EXPANSION","Expanded search intent coverage, result interpretation, guidance, and transparency for Percentage Calculator","Enriched registry schema with userProblem, searchIntent, resultInterpretation, practicalGuidance, limitations, formulas, trustNotes, and updated SoftwareApplication + FAQPage JSON-LD schema.","Antigravity Engine"
"LOG-0053","2026-08-24T14:00:00Z","compound-interest-calculator","Compound Interest Calculator","1.0.0","INITIAL_CREATION","Initial launch of Compound Interest Calculator in finance category","Created client-side interactive component, UI controls, copy/download buttons, SEO metadata, and category registration.","Antigravity Engine"
"LOG-0054","2026-08-25T02:00:00Z","compound-interest-calculator","Compound Interest Calculator","1.1.0","VALUE_AND_SEARCH_INTENT_EXPANSION","Expanded search intent coverage, result interpretation, guidance, and transparency for Compound Interest Calculator","Enriched registry schema with userProblem, searchIntent, resultInterpretation, practicalGuidance, limitations, formulas, trustNotes, and updated SoftwareApplication + FAQPage JSON-LD schema.","Antigravity Engine"
"LOG-0055","2026-08-24T14:00:00Z","loan-calculator","Loan & Mortgage Calculator","1.0.0","INITIAL_CREATION","Initial launch of Loan & Mortgage Calculator in finance category","Created client-side interactive component, UI controls, copy/download buttons, SEO metadata, and category registration.","Antigravity Engine"
"LOG-0056","2026-08-25T02:00:00Z","loan-calculator","Loan & Mortgage Calculator","1.1.0","VALUE_AND_SEARCH_INTENT_EXPANSION","Expanded search intent coverage, result interpretation, guidance, and transparency for Loan & Mortgage Calculator","Enriched registry schema with userProblem, searchIntent, resultInterpretation, practicalGuidance, limitations, formulas, trustNotes, and updated SoftwareApplication + FAQPage JSON-LD schema.","Antigravity Engine"
"LOG-0057","2026-08-24T14:00:00Z","discount-calculator","Discount & Sale Price Calculator","1.0.0","INITIAL_CREATION","Initial launch of Discount & Sale Price Calculator in finance category","Created client-side interactive component, UI controls, copy/download buttons, SEO metadata, and category registration.","Antigravity Engine"
"LOG-0058","2026-08-25T02:00:00Z","discount-calculator","Discount & Sale Price Calculator","1.1.0","VALUE_AND_SEARCH_INTENT_EXPANSION","Expanded search intent coverage, result interpretation, guidance, and transparency for Discount & Sale Price Calculator","Enriched registry schema with userProblem, searchIntent, resultInterpretation, practicalGuidance, limitations, formulas, trustNotes, and updated SoftwareApplication + FAQPage JSON-LD schema.","Antigravity Engine"
"LOG-0059","2026-08-24T14:00:00Z","bmi-calculator","BMI Calculator (Body Mass Index)","1.0.0","INITIAL_CREATION","Initial launch of BMI Calculator (Body Mass Index) in health category","Created client-side interactive component, UI controls, copy/download buttons, SEO metadata, and category registration.","Antigravity Engine"
"LOG-0060","2026-08-25T02:00:00Z","bmi-calculator","BMI Calculator (Body Mass Index)","1.1.0","VALUE_AND_SEARCH_INTENT_EXPANSION","Expanded search intent coverage, result interpretation, guidance, and transparency for BMI Calculator (Body Mass Index)","Enriched registry schema with userProblem, searchIntent, resultInterpretation, practicalGuidance, limitations, formulas, trustNotes, and updated SoftwareApplication + FAQPage JSON-LD schema.","Antigravity Engine"
"LOG-0061","2026-08-24T14:00:00Z","age-calculator","Chronological Age Calculator","1.0.0","INITIAL_CREATION","Initial launch of Chronological Age Calculator in health category","Created client-side interactive component, UI controls, copy/download buttons, SEO metadata, and category registration.","Antigravity Engine"
"LOG-0062","2026-08-25T02:00:00Z","age-calculator","Chronological Age Calculator","1.1.0","VALUE_AND_SEARCH_INTENT_EXPANSION","Expanded search intent coverage, result interpretation, guidance, and transparency for Chronological Age Calculator","Enriched registry schema with userProblem, searchIntent, resultInterpretation, practicalGuidance, limitations, formulas, trustNotes, and updated SoftwareApplication + FAQPage JSON-LD schema.","Antigravity Engine"
"LOG-0063","2026-08-24T14:00:00Z","water-intake-calculator","Daily Water Intake Calculator","1.0.0","INITIAL_CREATION","Initial launch of Daily Water Intake Calculator in health category","Created client-side interactive component, UI controls, copy/download buttons, SEO metadata, and category registration.","Antigravity Engine"
"LOG-0064","2026-08-25T02:00:00Z","water-intake-calculator","Daily Water Intake Calculator","1.1.0","VALUE_AND_SEARCH_INTENT_EXPANSION","Expanded search intent coverage, result interpretation, guidance, and transparency for Daily Water Intake Calculator","Enriched registry schema with userProblem, searchIntent, resultInterpretation, practicalGuidance, limitations, formulas, trustNotes, and updated SoftwareApplication + FAQPage JSON-LD schema.","Antigravity Engine"
"LOG-0065","2026-08-24T14:00:00Z","word-counter","Word & Character Counter","1.0.0","INITIAL_CREATION","Initial launch of Word & Character Counter in education category","Created client-side interactive component, UI controls, copy/download buttons, SEO metadata, and category registration.","Antigravity Engine"
"LOG-0066","2026-08-25T02:00:00Z","word-counter","Word & Character Counter","1.1.0","VALUE_AND_SEARCH_INTENT_EXPANSION","Expanded search intent coverage, result interpretation, guidance, and transparency for Word & Character Counter","Enriched registry schema with userProblem, searchIntent, resultInterpretation, practicalGuidance, limitations, formulas, trustNotes, and updated SoftwareApplication + FAQPage JSON-LD schema.","Antigravity Engine"
"LOG-0067","2026-08-24T14:00:00Z","gpa-calculator","College & High School GPA Calculator","1.0.0","INITIAL_CREATION","Initial launch of College & High School GPA Calculator in education category","Created client-side interactive component, UI controls, copy/download buttons, SEO metadata, and category registration.","Antigravity Engine"
"LOG-0068","2026-08-25T02:00:00Z","gpa-calculator","College & High School GPA Calculator","1.1.0","VALUE_AND_SEARCH_INTENT_EXPANSION","Expanded search intent coverage, result interpretation, guidance, and transparency for College & High School GPA Calculator","Enriched registry schema with userProblem, searchIntent, resultInterpretation, practicalGuidance, limitations, formulas, trustNotes, and updated SoftwareApplication + FAQPage JSON-LD schema.","Antigravity Engine"
"LOG-0069","2026-08-24T14:00:00Z","color-converter","Color Code Converter (HEX / RGB / HSL / CSS)","1.0.0","INITIAL_CREATION","Initial launch of Color Code Converter (HEX / RGB / HSL / CSS) in creative category","Created client-side interactive component, UI controls, copy/download buttons, SEO metadata, and category registration.","Antigravity Engine"
"LOG-0070","2026-08-25T02:00:00Z","color-converter","Color Code Converter (HEX / RGB / HSL / CSS)","1.1.0","VALUE_AND_SEARCH_INTENT_EXPANSION","Expanded search intent coverage, result interpretation, guidance, and transparency for Color Code Converter (HEX / RGB / HSL / CSS)","Enriched registry schema with userProblem, searchIntent, resultInterpretation, practicalGuidance, limitations, formulas, trustNotes, and updated SoftwareApplication + FAQPage JSON-LD schema.","Antigravity Engine"
"LOG-0071","2026-08-24T14:00:00Z","aspect-ratio-calculator","Aspect Ratio Calculator","1.0.0","INITIAL_CREATION","Initial launch of Aspect Ratio Calculator in creative category","Created client-side interactive component, UI controls, copy/download buttons, SEO metadata, and category registration.","Antigravity Engine"
"LOG-0072","2026-08-25T02:00:00Z","aspect-ratio-calculator","Aspect Ratio Calculator","1.1.0","VALUE_AND_SEARCH_INTENT_EXPANSION","Expanded search intent coverage, result interpretation, guidance, and transparency for Aspect Ratio Calculator","Enriched registry schema with userProblem, searchIntent, resultInterpretation, practicalGuidance, limitations, formulas, trustNotes, and updated SoftwareApplication + FAQPage JSON-LD schema.","Antigravity Engine"
"LOG-0073","2026-08-24T14:00:00Z","token-counter","AI Token Counter & Cost Estimator","1.0.0","INITIAL_CREATION","Initial launch of AI Token Counter & Cost Estimator in ai category","Created client-side interactive component, UI controls, copy/download buttons, SEO metadata, and category registration.","Antigravity Engine"
"LOG-0074","2026-08-25T02:00:00Z","token-counter","AI Token Counter & Cost Estimator","1.1.0","VALUE_AND_SEARCH_INTENT_EXPANSION","Expanded search intent coverage, result interpretation, guidance, and transparency for AI Token Counter & Cost Estimator","Enriched registry schema with userProblem, searchIntent, resultInterpretation, practicalGuidance, limitations, formulas, trustNotes, and updated SoftwareApplication + FAQPage JSON-LD schema.","Antigravity Engine"
"LOG-0075","2026-08-24T14:00:00Z","prompt-enhancer","AI Prompt Cleaner & Enhancer","1.0.0","INITIAL_CREATION","Initial launch of AI Prompt Cleaner & Enhancer in ai category","Created client-side interactive component, UI controls, copy/download buttons, SEO metadata, and category registration.","Antigravity Engine"
"LOG-0076","2026-08-25T02:00:00Z","prompt-enhancer","AI Prompt Cleaner & Enhancer","1.1.0","VALUE_AND_SEARCH_INTENT_EXPANSION","Expanded search intent coverage, result interpretation, guidance, and transparency for AI Prompt Cleaner & Enhancer","Enriched registry schema with userProblem, searchIntent, resultInterpretation, practicalGuidance, limitations, formulas, trustNotes, and updated SoftwareApplication + FAQPage JSON-LD schema.","Antigravity Engine"